19990813,ABBOTT LABORATORIES,Copyright/Patent/Trademark,,0.0
19990816,ABBOTT LABORATORIES,,,0.0
19990816,ABBOTT LABORATORIES,Labor Issues/Antitrust/Workplace 
 Budget/Appropriations 
 Medicare/Medicaid 
 Health Issues 
 Copyright/Patent/Trademark 
 Constitution 
 Taxation/Internal Revenue Code,,1250000.0
19991101,ABBOTT LABORATORIES,Health Issues,,0.0
20000214,ABBOTT LABORATORIES,Health Issues,,0.0
20000214,ABBOTT LABORATORIES,,,0.0
20000214,ABBOTT LABORATORIES,Copyright/Patent/Trademark,,60000.0
20000214,ABBOTT LABORATORIES,Labor Issues/Antitrust/Workplace 
 Medicare/Medicaid 
 Health Issues 
 Copyright/Patent/Trademark 
 Taxation/Internal Revenue Code 
 Trade (domestic/foreign) 
 Budget/Appropriations,,5539000.0
20000621,ABBOTT LABORATORIES,Pharmacy,,0.0
20000727,ABBOTT LABORATORIES,Medicare/Medicaid 
 Pharmacy,,0.0
20000727,ABBOTT LABORATORIES,Health Issues 
 Medicare/Medicaid 
 Budget/Appropriations 
 Environment/Superfund 
 Science/Technology,,20000.0
20000807,ABBOTT LABORATORIES,,,60000.0
20000814,ABBOTT LABORATORIES,,,0.0
20000814,ABBOTT LABORATORIES,Labor Issues/Antitrust/Workplace 
 Immigration 
 Budget/Appropriations 
 Medicare/Medicaid 
 Utilities 
 Trade (domestic/foreign) 
 Taxation/Internal Revenue Code 
 Copyright/Patent/Trademark 
 Health Issues,,1760000.0
20010213,ABBOTT LABORATORIES,Medicare/Medicaid,,20000.0
20010214,ABBOTT LABORATORIES,Medicare/Medicaid,,0.0
20010214,ABBOTT LABORATORIES,,,0.0
20010214,ABBOTT LABORATORIES,Health Issues,,20000.0
20010214,ABBOTT LABORATORIES,Immigration 
 Budget/Appropriations 
 Medicare/Medicaid 
 Health Issues 
 Trade (domestic/foreign) 
 Labor Issues/Antitrust/Workplace 
 Taxation/Internal Revenue Code 
 Copyright/Patent/Trademark,,3080000.0
20010517,ABBOTT LABORATORIES,Health Issues 
 Medicare/Medicaid,,0.0
20010801,ABBOTT LABORATORIES,Health Issues 
 Medicare/Medicaid,,20000.0
20010803,ABBOTT LABORATORIES,,,0.0
20010813,ABBOTT LABORATORIES,Medicare/Medicaid,,20000.0
20010813,ABBOTT LABORATORIES,Medicare/Medicaid 
 Pharmacy,,80000.0
20010814,ABBOTT LABORATORIES,Pharmacy 
 Medicare/Medicaid,,0.0
20010814,ABBOTT LABORATORIES,Health Issues,,20000.0
20010814,ABBOTT LABORATORIES,Budget/Appropriations 
 Medicare/Medicaid 
 Health Issues 
 Taxation/Internal Revenue Code 
 Trade (domestic/foreign) 
 Labor Issues/Antitrust/Workplace,,1520000.0
20020214,ABBOTT LABORATORIES,Health Issues,,20000.0
20020214,ABBOTT LABORATORIES,Medicare/Medicaid,,20000.0
20020214,ABBOTT LABORATORIES,Medicare/Medicaid,,60000.0
20020214,ABBOTT LABORATORIES,Budget/Appropriations 
 Medicare/Medicaid 
 Trade (domestic/foreign) 
 Taxation/Internal Revenue Code 
 Health Issues,,1460000.0
20020215,ABBOTT LABORATORIES,Trade (domestic/foreign) 
 Taxation/Internal Revenue Code 
 Health Issues 
 Medicare/Medicaid 
 Budget/Appropriations,,1460000.0
20020305,ABBOTT LABORATORIES,Health Issues 
 Medicare/Medicaid,,60000.0
20020322,ABBOTT LABORATORIES INC,Health Issues,,0.0
20020703,ABBOTT LABORATORIES,Health Issues,,0.0
20020722,ABBOTT LABORATORIES,Medicare/Medicaid 
 Health Issues,,60000.0
20020724,ABBOTT LABORATORIES,Health Issues 
 Medical/Disease Research/Clinical Labs,,0.0
20020813,ABBOTT LABORATORIES,,,0.0
20020814,ABBOTT LABORATORIES,Medicare/Medicaid,,0.0
20020814,ABBOTT LABORATORIES,,,0.0
20020814,ABBOTT LABORATORIES,Health Issues 
 Medicare/Medicaid 
 Budget/Appropriations 
 Medical/Disease Research/Clinical Labs,,20000.0
20020814,ABBOTT LABORATORIES,Communications/Broadcasting/Radio/TV 
 Law Enforcement/Crime/Criminal Justice 
 Arts/Entertainment 
 Beverage Industry 
 Consumer Issues/Safety/Products 
 Financial Institutions/Investments/Securities 
 Taxation/Internal Revenue Code 
 Telecommunications 
 Copyright/Patent/Trademark 
 Health Issues 
 Postal,,40000.0
20020814,ABBOTT LABORATORIES,Budget/Appropriations 
 Medicare/Medicaid 
 Health Issues 
 Copyright/Patent/Trademark 
 Retirement 
 Trade (domestic/foreign) 
 Utilities,,1300000.0
20020815,ABBOTT LABORATORIES,Medicare/Medicaid,,80000.0
20020816,ABBOTT LABORATORIES,Taxation/Internal Revenue Code 
 Copyright/Patent/Trademark 
 Health Issues 
 Insurance,,0.0
20020821,ABBOTT LABORATORIES INC,Health Issues,,20000.0
20030204,ABBOTT LABORATORIES,,,0.0
20030213,ABBOTT LABORATORIES,Health Issues 
 Medicare/Medicaid,,60000.0
20030213,ABBOTT LABORATORIES,Medicare/Medicaid,,60000.0
20030214,ABBOTT LABORATORIES,,,0.0
20030214,ABBOTT LABORATORIES,Health Issues,,300000.0
20030214,ABBOTT LABORATORIES,Budget/Appropriations 
 Medicare/Medicaid 
 Health Issues 
 Copyright/Patent/Trademark 
 Utilities 
 Trade (domestic/foreign),,1300000.0
20030224,ABBOTT LABORATORIES INC,Health Issues,,20000.0
20030228,ABBOTT LABORATORIES,Medicare/Medicaid,,20000.0
20030415,ROSS PRODUCTS DIVISION/ABBOTT LABORATORIES,Health Issues,,0.0
20030718,ABBOTT LABORATORIES,,,0.0
20030806,ABBOTT LABORATORIES,Health Issues 
 Medicare/Medicaid,,60000.0
20030807,ROSS PRODUCTS DIVISION/ABBOTT LABORATORIES,Health Issues,,40000.0
20030813,ABBOTT LABORATORIES,Medicare/Medicaid,,140000.0
20030814,ABBOTT LABORATORIES,Budget/Appropriations 
 Medicare/Medicaid 
 Health Issues 
 Copyright/Patent/Trademark 
 Taxation/Internal Revenue Code 
 Agriculture 
 Trade (domestic/foreign) 
 Utilities,,0.0
20030814,ABBOTT LABORATORIES,Medical/Disease Research/Clinical Labs,,0.0
20030814,ABBOTT LABORATORIES,,,0.0
20030814,ABBOTT LABORATORIES,Medicare/Medicaid,,20000.0
20030814,ABBOTT LABORATORIES,Health Issues,,220000.0
20030821,ABBOTT LABORATORIES INC,Health Issues,,40000.0
20031014,ABBOTT LABORATORIES,Health Issues,,0.0
20031208,ABBOTT LABORATORIES,,,0.0
20031211,ROSS PRODUCTS DIVISION/ABBOTT LABORATORIES,Health Issues,,40000.0
20040114,ABBOTT LABORATORIES,Medicare/Medicaid,,0.0
20040202,ABBOTT LABORATORIES,Health Issues 
 Taxation/Internal Revenue Code,,75000.0
20040213,ABBOTT LABORATORIES,,,0.0
20040213,ABBOTT LABORATORIES,Medicare/Medicaid,,160000.0
20040213,ROSS PRODUCTS DIVISION/ABBOTT LABORATORIES,Health Issues,,60000.0
20040217,ABBOTT LABORATORIES,Medicare/Medicaid,,60000.0
20040217,ABBOTT LABORATORIES,,,200000.0
20040217,ABBOTT LABORATORIES,Budget/Appropriations 
 Medicare/Medicaid 
 Trade (domestic/foreign) 
 Utilities 
 Agriculture 
 Taxation/Internal Revenue Code 
 Health Issues,,2000000.0
20040303,ABBOTT LABORATORIES,Medical/Disease Research/Clinical Labs,,20000.0
20040412,ABBOTT LABORATORIES,Health Issues 
 Medicare/Medicaid,,80000.0
20040412,ABBOTT LABORATORIES INC,Health Issues,,40000.0
20040413,ABBOTT LABORATORIES,Health Issues 
 Medical/Disease Research/Clinical Labs,,0.0
20040413,ABBOTT LABORATORIES,Medical/Disease Research/Clinical Labs,,20000.0
20040419,ABBOTT LABORATORIES,Medicare/Medicaid,,20000.0
20040422,ABBOTT LABORATORIES,Health Issues 
 Medicare/Medicaid 
 Medical/Disease Research/Clinical Labs,,0.0
20040503,ABBOTT LABORATORIES,Medical/Disease Research/Clinical Labs 
 Medicare/Medicaid 
 Health Issues,,0.0
20040519,ABBOTT LABORATORIES,Medical/Disease Research/Clinical Labs 
 Health Issues 
 Medicare/Medicaid,,0.0
20040722,ABBOTT LABORATORIES,,,0.0
20040727,ABBOTT LABORATORIES,Taxation/Internal Revenue Code,,56250.0
20040802,ABBOTT LABORATORIES,Taxation/Internal Revenue Code,,56000.0
20040805,ABBOTT LABORATORIES,Health Issues 
 Medicare/Medicaid,,60000.0
20040811,ABBOTT LABORATORIES,,,0.0
20040813,ABBOTT LABORATORIES,,,0.0
20040813,ROSS PRODUCTS DIVISION/ABBOTT LABORATORIES,Health Issues,,80000.0
20040816,ABBOTT LABORATORIES,Medicare/Medicaid,,100000.0
20040816,ABBOTT LABORATORIES,Medicare/Medicaid 
 Pharmacy,,120000.0
20040816,ABBOTT LABORATORIES,Trade (domestic/foreign) 
 Agriculture 
 Taxation/Internal Revenue Code 
 Health Issues 
 Medicare/Medicaid 
 Budget/Appropriations,,2460000.0
20040817,ABBOTT LABORATORIES,Health Issues,,160000.0
20040820,ABBOTT LABORATORIES,Pharmacy,,0.0
20040820,ABBOTT LABORATORIES,Pharmacy,,80000.0
20040825,ABBOTT LABORATORIES,,,0.0
20040825,ABBOTT LABORATORIES,Medical/Disease Research/Clinical Labs,,20000.0
20040825,ABBOTT LABORATORIES,Medicare/Medicaid 
 Health Issues 
 Medical/Disease Research/Clinical Labs,,20000.0
20040826,ABBOTT LABORATORIES INC,Health Issues,,20000.0
20041007,ABBOTT LABORATORIES,Health Issues,,0.0
20050117,ABBOTT LABORATORIES,Taxation/Internal Revenue Code,,121000.0
20050128,ABBOTT LABORATORIES,Medicare/Medicaid,,0.0
20050208,ABBOTT LABORATORIES,Medical/Disease Research/Clinical Labs,,0.0
20050210,ABBOTT LABORATORIES,Health Issues 
 Medicare/Medicaid,,80000.0
20050214,ABBOTT LABORATORIES,Health Issues,,0.0
20050214,ABBOTT LABORATORIES,Medicare/Medicaid,,0.0
20050214,ABBOTT LABORATORIES,,,0.0
20050214,ABBOTT LABORATORIES,,,20000.0
20050214,ABBOTT LABORATORIES,Health Issues,,40000.0
20050214,ABBOTT LABORATORIES,Pharmacy,,240000.0
20050214,ABBOTT LABORATORIES,Consumer Issues/Safety/Products 
 Budget/Appropriations 
 Medicare/Medicaid 
 Health Issues 
 Taxation/Internal Revenue Code 
 Trade (domestic/foreign) 
 Agriculture,,2300000.0
20050214,ROSS PRODUCTS DIVISION/ABBOTT LABORATORIES,Health Issues,,80000.0
20050215,ABBOTT LABORATORIES,Health Issues,,60000.0
20050218,ABBOTT LABORATORIES,Medicare/Medicaid,,80000.0
20050223,ABBOTT LABORATORIES,,,0.0
20050223,ABBOTT LABORATORIES INC,Health Issues,,20000.0
20050225,ABBOTT LABORATORIES,,,0.0
20050516,ABBOTT LABORATORIES,Health Issues,,40000.0
20050804,ABBOTT LABORATORIES,Health Issues 
 Medicare/Medicaid,,60000.0
20050809,ABBOTT LABORATORIES,,,0.0
20050812,ABBOTT LABORATORIES,Health Issues,,60000.0
20050812,ABBOTT LABORATORIES,Medicare/Medicaid,,80000.0
20050812,ABBOTT LABORATORIES,Consumer Issues/Safety/Products 
 Budget/Appropriations 
 Medicare/Medicaid 
 Health Issues 
 Trade (domestic/foreign) 
 Agriculture 
 Torts 
 Taxation/Internal Revenue Code,,2220000.0
20050815,ABBOTT LABORATORIES,,,0.0
20050815,ABBOTT LABORATORIES,Medicare/Medicaid,,115000.0
20050815,ROSS PRODUCTS DIVISION/ABBOTT LABORATORIES,Health Issues,,80000.0
20050816,ABBOTT LABORATORIES,,,0.0
20050817,ABBOTT LABORATORIES,,,0.0
20050819,ABBOTT LABORATORIES INC,Health Issues,,20000.0
20050822,ABBOTT LABORATORIES,Health Issues,,140000.0
20050825,ABBOTT LABORATORIES,Veterans,,0.0
20050825,ABBOTT LABORATORIES,Veterans,,80000.0
20050920,ABBOTT LABORATORIES,Medical/Disease Research/Clinical Labs,,0.0
20050929,ABBOTT LABORATORIES,,,0.0
20051118,ABBOTT LABORATORIES,Trade (domestic/foreign),,0.0
20051209,ABBOTT LABORATORIES,,,0.0
20060103,ABBOTT LABORATORIES,Health Issues 
 Medicare/Medicaid,,60000.0
20060125,ABBOTT LABORATORIES,,,0.0
20060131,ABBOTT LABORATORIES INC,Health Issues,,20000.0
20060202,ABBOTT LABORATORIES,Medicare/Medicaid,,80000.0
20060210,ABBOTT LABORATORIES,Agriculture 
 Copyright/Patent/Trademark 
 Consumer Issues/Safety/Products 
 Medicare/Medicaid,,1760000.0
20060211,ABBOTT LABORATORIES,Health Issues,,60000.0
20060213,ABBOTT LABORATORIES,Health Issues,,60000.0
20060214,ABBOTT LABORATORIES,Trade (domestic/foreign),,0.0
20060214,ABBOTT LABORATORIES,Medicare/Medicaid,,20000.0
20060214,ROSS PRODUCTS DIVISION/ABBOTT LABORATORIES,Health Issues,,80000.0
20060215,ABBOTT LABORATORIES,Medicare/Medicaid,,105000.0
20060301,ABBOTT LABORATORIES,Veterans,,100000.0
20060405,ABBOTT LABORATORIES,Agriculture,,0.0
20060412,ABBOTT LABORATORIES,Medicare/Medicaid 
 Health Issues 
 Copyright/Patent/Trademark 
 Agriculture 
 Trade (domestic/foreign) 
 Budget/Appropriations 
 Consumer Issues/Safety/Products,,1760000.0
20060525,ABBOTT LABORATORIES,Medicare/Medicaid,,0.0
20060622,ABBOTT LABORATORIES,Budget/Appropriations,,0.0
20060722,ABBOTT LABORATORIES INC,,,0.0
20060729,ABBOTT LABORATORIES,,,0.0
20060801,ABBOTT LABORATORIES,Medicare/Medicaid 
 Health Issues,,100000.0
20060803,ABBOTT LABORATORIES,Medicare/Medicaid,,0.0
20060807,ABBOTT LABORATORIES,Medicare/Medicaid,,20000.0
20060807,ABBOTT LABORATORIES,Health Issues 
 Medicare/Medicaid,,60000.0
20060808,ABBOTT LABORATORIES,Health Issues 
 Medicare/Medicaid,,100000.0
20060810,ABBOTT LABORATORIES,Trade (domestic/foreign) 
 Taxation/Internal Revenue Code 
 Copyright/Patent/Trademark 
 Energy/Nuclear,,0.0
20060811,ABBOTT LABORATORIES,Trade (domestic/foreign),,0.0
20060811,ABBOTT LABORATORIES,Agriculture,,20000.0
20060814,ABBOTT LABORATORIES,Veterans 
 Medicare/Medicaid,,0.0
20060814,ABBOTT LABORATORIES,Veterans 
 Medicare/Medicaid,,40000.0
20060814,ABBOTT LABORATORIES,Health Issues,,60000.0
20060814,ROSS PRODUCTS DIVISION/ABBOTT LABORATORIES,Health Issues,,100000.0
20061013,ABBOTT LABORATORIES,,,0.0
20070125,ABBOTT LABORATORIES,Trade (domestic/foreign),,0.0
20070209,ABBOTT LABORATORIES,Medicare/Medicaid 
 Health Issues,,120000.0
20070209,ABBOTT LABORATORIES,Medicare/Medicaid 
 Health Issues,,60000.0
20070212,ABBOTT LABORATORIES,Health Issues,,60000.0
20070212,ABBOTT LABORATORIES,Medicare/Medicaid,,0.0
20070213,ABBOTT LABORATORIES,Medicare/Medicaid,,60000.0
20070213,ABBOTT LABORATORIES,Trade (domestic/foreign) 
 Agriculture 
 Taxation/Internal Revenue Code 
 Medicare/Medicaid 
 Budget/Appropriations 
 Energy/Nuclear 
 Copyright/Patent/Trademark 
 Health Issues,,2060000.0
20070214,ROSS PRODUCTS DIVISION/ABBOTT LABORATORIES,Health Issues,,80000.0
20070214,ABBOTT LABORATORIES,Agriculture,,20000.0
20070302,ABBOTT LABORATORIES,Health Issues,,0.0
20070620,ABBOTT LABORATORIES,Health Issues,,0.0
20070725,ABBOTT LABORATORIES,Medicare/Medicaid 
 Health Issues,,60000.0
20070802,ABBOTT LABORATORIES,Trade (domestic/foreign) 
 Health Issues 
 Medicare/Medicaid,,100000.0
20070803,ABBOTT LABORATORIES,Medicare/Medicaid 
 Health Issues,,120000.0
20070803,ABBOTT LABORATORIES,,,0.0
20070807,ABBOTT LABORATORIES,Trade (domestic/foreign),,0.0
20070807,ABBOTT LABORATORIES,Medicare/Medicaid,,40000.0
20070808,ABBOTT LABORATORIES,,,0.0
20070808,ABBOTT LABORATORIES,Medicare/Medicaid,,40000.0
20070814,ROSS PRODUCTS DIVISION/ABBOTT LABORATORIES,Health Issues,,80000.0
20070814,ABBOTT LABORATORIES,Health Issues,,20000.0
20070814,ABBOTT LABORATORIES,Budget/Appropriations 
 Medicare/Medicaid 
 Health Issues 
 Agriculture 
 Trade (domestic/foreign) 
 Copyright/Patent/Trademark,,2380000.0
20070814,ABBOTT LABORATORIES,Health Issues,,60000.0
20071220,ABBOTT LABORATORIES,Health Issues 
 Pharmacy,,0.0
20080104,ABBOTT LABORATORIES,Medicare/Medicaid 
 Health Issues,,60000.0
20080128,ABBOTT LABORATORIES,Defense 
 Copyright/Patent/Trademark 
 Health Issues 
 Medicare/Medicaid,,120000.0
20080130,ABBOTT LABORATORIES,,,0.0
20080131,ABBOTT LABORATORIES,Defense 
 Copyright/Patent/Trademark 
 Health Issues 
 Medicare/Medicaid,,120000.0
20080207,ABBOTT LABORATORIES,Health Issues 
 Pharmacy,,40000.0
20080213,ROSS PRODUCTS DIVISION/ABBOTT LABORATORIES,Health Issues,,180000.0
20080213,ABBOTT LABORATORIES,Health Issues,,40000.0
20080213,ABBOTT LABORATORIES,Health Issues 
 Medicare/Medicaid,,60000.0
20080214,ABBOTT LABORATORIES,Trade (domestic/foreign) 
 Copyright/Patent/Trademark 
 Health Issues 
 Medicare/Medicaid,,120000.0
20080214,ABBOTT LABORATORIES,,,0.0
20080214,ABBOTT LABORATORIES,Budget/Appropriations 
 Health Issues 
 Copyright/Patent/Trademark 
 Taxation/Internal Revenue Code 
 Agriculture 
 Trade (domestic/foreign) 
 Medicare/Medicaid,,1980000.0
20080317,ABBOTT LABORATORIES,Health Issues,,0.0
20080403,ABBOTT LABORATORIES,Medicare/Medicaid 
 Health Issues 
 Copyright/Patent/Trademark 
 Defense,,60000.0
20080409,ABBOTT LABORATORIES,Health Issues 
 Copyright/Patent/Trademark 
 Defense 
 Medicare/Medicaid,,60000.0
20080409,ABBOTT LABORATORIES,,,0.0
20080415,ABBOTT LABORATORIES,,,0.0
20080418,ABBOTT LABORATORIES,Copyright/Patent/Trademark 
 Health Issues,,30000.0
20080418,ABBOTT LABORATORIES,,,0.0
20080418,ABBOTT LABORATORIES,Medicare/Medicaid 
 Health Issues,,30000.0
20080421,ABBOTT LABORATORIES,Budget/Appropriations 
 Medicare/Medicaid 
 Health Issues 
 Trade (domestic/foreign) 
 Science/Technology 
 Copyright/Patent/Trademark 
 Taxation/Internal Revenue Code 
 Agriculture,,880000.0
20080421,ABBOTT LABORATORIES,Medicare/Medicaid 
 Trade (domestic/foreign) 
 Copyright/Patent/Trademark 
 Health Issues,,60000.0
20080421,ROSS PRODUCTS DIVISION/ABBOTT LABORATORIES,Health Issues,,90000.0
20080421,ABBOTT LABORATORIES,Health Issues 
 Medicare/Medicaid,,30000.0
20080421,ABBOTT LABORATORIES,Health Issues,,0.0
20080421,ABBOTT LABORATORIES,,,0.0
20080501,ABBOTT LABORATORIES,Pharmacy 
 Health Issues,,30000.0
20080520,ABBOTT LABORATORIES,,,0.0
20080627,ABBOTT LABORATORIES,Medicare/Medicaid,,0.0
20080702,ABBOTT LABORATORIES,Medicare/Medicaid 
 Health Issues 
 Copyright/Patent/Trademark 
 Defense,,60000.0
20080709,ABBOTT LABORATORIES,Trade (domestic/foreign),,0.0
20080709,ABBOTT LABORATORIES,,,0.0
20080716,ABBOTT LABORATORIES,Pharmacy 
 Health Issues,,50000.0
20080717,ABBOTT LABORATORIES,Medicare/Medicaid 
 Health Issues,,30000.0
20080717,ABBOTT LABORATORIES,Health Issues 
 Trade (domestic/foreign) 
 Medicare/Medicaid,,30000.0
20080718,ROSS PRODUCTS DIVISION/ABBOTT LABORATORIES,Health Issues,,90000.0
20080721,ABBOTT LABORATORIES,Budget/Appropriations 
 Medicare/Medicaid 
 Health Issues 
 Copyright/Patent/Trademark 
 Taxation/Internal Revenue Code 
 Agriculture 
 Trade (domestic/foreign),,1040000.0
20080721,ABBOTT LABORATORIES,Medicare/Medicaid,,30000.0
20080721,ABBOTT LABORATORIES,Medicare/Medicaid,,0.0
20080721,ABBOTT LABORATORIES,Health Issues 
 Copyright/Patent/Trademark,,30000.0
20080721,ABBOTT LABORATORIES,Health Issues,,0.0
20080721,ABBOTT LABORATORIES,Medicare/Medicaid 
 Copyright/Patent/Trademark 
 Health Issues 
 Trade (domestic/foreign),,60000.0
20080724,ABBOTT LABORATORIES,Health Issues 
 Pharmacy,,50000.0
20081006,ABBOTT LABORATORIES,Medicare/Medicaid 
 Health Issues 
 Copyright/Patent/Trademark 
 Defense,,60000.0
20081009,ABBOTT LABORATORIES,Medicare/Medicaid,,0.0
20081010,ABBOTT LABORATORIES,Trade (domestic/foreign),,0.0
20081015,ABBOTT LABORATORIES,,,0.0
20081017,ABBOTT LABORATORIES,Trade (domestic/foreign) 
 Copyright/Patent/Trademark 
 Medicare/Medicaid 
 Health Issues,,60000.0
20081017,ABBOTT LABORATORIES,,,0.0
20081017,ABBOTT LABORATORIES,Medicare/Medicaid 
 Health Issues,,30000.0
20081020,ROSS PRODUCTS DIVISION/ABBOTT LABORATORIES,Health Issues,,50000.0
20081020,ABBOTT LABORATORIES,Budget/Appropriations 
 Medicare/Medicaid 
 Health Issues 
 Trade (domestic/foreign) 
 Copyright/Patent/Trademark 
 Taxation/Internal Revenue Code 
 Agriculture,,1780000.0
20081020,ABBOTT LABORATORIES,Health Issues 
 Pharmacy,,50000.0
20081020,ABBOTT LABORATORIES,Health Issues 
 Copyright/Patent/Trademark,,30000.0
20081020,ABBOTT LABORATORIES,Medicare/Medicaid,,0.0
20081020,ABBOTT LABORATORIES,Medicare/Medicaid,,30000.0
20081020,ABBOTT LABORATORIES,Medicare/Medicaid,,20000.0
20081020,ABBOTT LABORATORIES,Health Issues 
 Trade (domestic/foreign) 
 Medicare/Medicaid,,30000.0
20081022,ABBOTT LABORATORIES,Medicare/Medicaid,,20000.0
20081028,ABBOTT LABORATORIES,Medicare/Medicaid,,20000.0
20090102,ABBOTT LABORATORIES,Trade (domestic/foreign) 
 Taxation/Internal Revenue Code 
 Health Issues 
 Medicare/Medicaid 
 Pharmacy,,0.0
20090102,ABBOTT LABORATORIES,Medicare/Medicaid 
 Health Issues 
 Copyright/Patent/Trademark 
 Defense,,60000.0
20090108,ABBOTT LABORATORIES,,,0.0
20090114,ABBOTT LABORATORIES,Health Issues,,50000.0
20090114,ABBOTT LABORATORIES,Trade (domestic/foreign),,0.0
20090116,ABBOTT LABORATORIES,,,0.0
20090118,ABBOTT LABORATORIES,Taxation/Internal Revenue Code 
 Health Issues 
 Medicare/Medicaid,,30000.0
20090120,ABBOTT LABORATORIES,Health Issues,,30000.0
20090121,ABBOTT LABORATORIES,Medicare/Medicaid,,30000.0
20090121,ROSS PRODUCTS DIVISION/ABBOTT LABORATORIES,Health Issues,,50000.0
20090121,ABBOTT LABORATORIES,Health Issues 
 Medicare/Medicaid 
 Trade (domestic/foreign) 
 Copyright/Patent/Trademark,,60000.0
20090121,ABBOTT LABORATORIES,Health Issues 
 Medicare/Medicaid 
 Pharmacy 
 Taxation/Internal Revenue Code 
 Trade (domestic/foreign),,20000.0
20090121,ABBOTT LABORATORIES,Consumer Issues/Safety/Products 
 Budget/Appropriations 
 Medicare/Medicaid 
 Health Issues 
 Agriculture 
 Trade (domestic/foreign) 
 Copyright/Patent/Trademark 
 Taxation/Internal Revenue Code,,940000.0
20090121,ABBOTT LABORATORIES,Medicare/Medicaid 
 Health Issues,,30000.0
20090122,ABBOTT LABORATORIES,Medicare/Medicaid,,10000.0
20090206,ROSS PRODUCTS DIVISION/ABBOTT LABORATORIES,Health Issues,,180000.0
20090211,ABBOTT LABORATORIES,Medicare/Medicaid,,0.0
20090408,ABBOTT LABORATORIES,Medicare/Medicaid 
 Health Issues 
 Copyright/Patent/Trademark,,30000.0
20090414,ABBOTT LABORATORIES,Trade (domestic/foreign),,0.0
20090415,ABBOTT LABORATORIES,,,0.0
20090416,ABBOTT LABORATORIES,Health Issues,,10000.0
20090416,ABBOTT LABORATORIES,Medicare/Medicaid 
 Health Issues 
 Taxation/Internal Revenue Code,,30000.0
20090417,ABBOTT LABORATORIES,Health Issues,,30000.0
20090420,ABBOTT LABORATORIES,Medicare/Medicaid,,30000.0
20090420,ABBOTT LABORATORIES,Budget/Appropriations 
 Medicare/Medicaid 
 Health Issues 
 Agriculture 
 Copyright/Patent/Trademark 
 Taxation/Internal Revenue Code 
 Transportation 
 Consumer Issues/Safety/Products 
 Trade (domestic/foreign),,1260000.0
20090420,ABBOTT LABORATORIES,Health Issues 
 Trade (domestic/foreign) 
 Pharmacy 
 Taxation/Internal Revenue Code 
 Medicare/Medicaid,,60000.0
20090420,ABBOTT LABORATORIES,,,0.0
20090420,ABBOTT LABORATORIES,Medicare/Medicaid 
 Trade (domestic/foreign) 
 Taxation/Internal Revenue Code 
 Copyright/Patent/Trademark 
 Health Issues,,60000.0
20090420,ROSS PRODUCTS DIVISION/ABBOTT LABORATORIES,Health Issues,,50000.0
20090709,ABBOTT LABORATORIES,Medicare/Medicaid 
 Health Issues 
 Copyright/Patent/Trademark,,30000.0
20090710,ABBOTT LABORATORIES,,,0.0
20090716,ABBOTT LABORATORIES,Medicare/Medicaid 
 Health Issues 
 Taxation/Internal Revenue Code,,30000.0
20090716,ABBOTT LABORATORIES,,,0.0
20090717,ABBOTT LABORATORIES,,,0.0
20090720,ABBOTT LABORATORIES,Health Issues,,30000.0
20090720,ABBOTT LABORATORIES,Medicare/Medicaid 
 Health Issues 
 Trade (domestic/foreign) 
 Food Industry (safety, labeling, etc.) 
 Consumer Issues/Safety/Products 
 Budget/Appropriations 
 Copyright/Patent/Trademark 
 Taxation/Internal Revenue Code 
 Agriculture,,700000.0
20090720,ABBOTT LABORATORIES,,,0.0
20090720,ABBOTT LABORATORIES,Taxation/Internal Revenue Code 
 Copyright/Patent/Trademark 
 Health Issues 
 Medicare/Medicaid,,60000.0
20090720,ABBOTT LABORATORIES,Medicare/Medicaid 
 Taxation/Internal Revenue Code 
 Health Issues 
 Pharmacy,,60000.0
20090723,ROSS PRODUCTS DIVISION/ABBOTT LABORATORIES,Health Issues,,50000.0
20091001,ABBOTT LABORATORIES,Medicare/Medicaid 
 Health Issues 
 Copyright/Patent/Trademark,,30000.0
20091002,ABBOTT LABORATORIES,,,0.0
20091009,ABBOTT LABORATORIES,Trade (domestic/foreign),,0.0
20091019,ABBOTT LABORATORIES,Medicare/Medicaid 
 Taxation/Internal Revenue Code 
 Health Issues 
 Pharmacy,,60000.0
20091020,ABBOTT LABORATORIES,Food Industry (safety, labeling, etc.) 
 Consumer Issues/Safety/Products 
 Budget/Appropriations 
 Medicare/Medicaid 
 Copyright/Patent/Trademark 
 Taxation/Internal Revenue Code 
 Agriculture 
 Health Issues 
 Trade (domestic/foreign),,750000.0
20091020,ABBOTT LABORATORIES,Health Issues,,30000.0
20091020,ROSS PRODUCTS DIVISION/ABBOTT LABORATORIES,Health Issues,,50000.0
20091020,ABBOTT LABORATORIES,Health Issues 
 Medicare/Medicaid,,60000.0
20091020,ABBOTT LABORATORIES,Health Issues 
 Taxation/Internal Revenue Code 
 Medicare/Medicaid,,30000.0
20091020,ABBOTT LABORATORIES,,,0.0
20091231,ABBOTT LABORATORIES,Medicare/Medicaid 
 Copyright/Patent/Trademark 
 Health Issues,,30000.0
20100107,ABBOTT LABORATORIES,,,0.0
20100115,ABBOTT LABORATORIES,Pharmacy 
 Taxation/Internal Revenue Code 
 Medicare/Medicaid 
 Health Issues,,60000.0
20100119,ABBOTT LABORATORIES,,,0.0
20100120,ABBOTT LABORATORIES,Health Issues,,30000.0
20100120,ABBOTT LABORATORIES,Medicare/Medicaid 
 Health Issues 
 Trade (domestic/foreign) 
 Food Industry (safety, labeling, etc.) 
 Copyright/Patent/Trademark 
 Taxation/Internal Revenue Code 
 Agriculture,,1930000.0
20100120,ABBOTT LABORATORIES,Health Issues 
 Trade (domestic/foreign) 
 Medicare/Medicaid,,70000.0
20100120,ROSS PRODUCTS DIVISION/ABBOTT LABORATORIES,Health Issues,,50000.0
20100120,ABBOTT LABORATORIES,Medicare/Medicaid 
 Health Issues 
 Taxation/Internal Revenue Code,,30000.0
20100405,ABBOTT LABORATORIES,Medicare/Medicaid 
 Health Issues 
 Copyright/Patent/Trademark,,50000.0
20100407,ABBOTT LABORATORIES,,,0.0
20100419,ABBOTT LABORATORIES,Pharmacy 
 Medicare/Medicaid 
 Health Issues 
 Taxation/Internal Revenue Code,,60000.0
20100420,ABBOTT LABORATORIES,Food Industry (safety, labeling, etc.) 
 Budget/Appropriations 
 Health Issues 
 Copyright/Patent/Trademark 
 Taxation/Internal Revenue Code 
 Agriculture 
 Trade (domestic/foreign),,1540000.0
20100420,ROSS PRODUCTS DIVISION/ABBOTT LABORATORIES,Health Issues,,40000.0
20100420,ABBOTT LABORATORIES,Health Issues,,30000.0
20100420,ABBOTT LABORATORIES,Health Issues 
 Trade (domestic/foreign) 
 Medicare/Medicaid,,70000.0
20100420,ABBOTT LABORATORIES,Medicare/Medicaid 
 Health Issues 
 Taxation/Internal Revenue Code,,50000.0
20100712,ABBOTT LABORATORIES,,,0.0
20100714,ABBOTT LABORATORIES,Health Issues 
 Copyright/Patent/Trademark 
 Taxation/Internal Revenue Code 
 Medicare/Medicaid,,50000.0
20100715,ABBOTT LABORATORIES,,,0.0
20100720,ABBOTT LABORATORIES,Food Industry (safety, labeling, etc.) 
 Medicare/Medicaid 
 Health Issues 
 Agriculture 
 Trade (domestic/foreign) 
 Budget/Appropriations 
 Copyright/Patent/Trademark 
 Taxation/Internal Revenue Code,,620000.0
20100720,ROSS PRODUCTS DIVISION/ABBOTT LABORATORIES,Health Issues,,40000.0
20100720,ABBOTT LABORATORIES,Taxation/Internal Revenue Code 
 Health Issues 
 Medicare/Medicaid 
 Pharmacy,,60000.0
20100720,ABBOTT LABORATORIES,Health Issues,,30000.0
20100720,ABBOTT LABORATORIES,Health Issues 
 Medicare/Medicaid 
 Trade (domestic/foreign),,70000.0
20100720,ABBOTT LABORATORIES,Health Issues 
 Medicare/Medicaid 
 Food Industry (safety, labeling, etc.) 
 Taxation/Internal Revenue Code,,50000.0
20100810,ABBOTT LABORATORIES,Taxation/Internal Revenue Code 
 Copyright/Patent/Trademark 
 Medicare/Medicaid 
 Food Industry (safety, labeling, etc.) 
 Health Issues,,0.0
20101013,ABBOTT LABORATORIES,Trade (domestic/foreign),,0.0
20101015,ABBOTT LABORATORIES,,,0.0
20101018,ABBOTT LABORATORIES,Food Industry (safety, labeling, etc.) 
 Health Issues 
 Medicare/Medicaid 
 Pharmacy 
 Taxation/Internal Revenue Code,,60000.0
20101019,ABBOTT LABORATORIES,Health Issues 
 Food Industry (safety, labeling, etc.),,50000.0
20101020,ABBOTT LABORATORIES,Food Industry (safety, labeling, etc.) 
 Health Issues,,30000.0
20101020,ABBOTT LABORATORIES,Budget/Appropriations 
 Medicare/Medicaid 
 Health Issues 
 Agriculture 
 Manufacturing 
 Trade (domestic/foreign) 
 Food Industry (safety, labeling, etc.) 
 Copyright/Patent/Trademark 
 Taxation/Internal Revenue Code,,910000.0
20101020,ABBOTT LABORATORIES,Food Industry (safety, labeling, etc.) 
 Health Issues 
 Medicare/Medicaid 
 Taxation/Internal Revenue Code,,50000.0
20101020,ABBOTT LABORATORIES,Medicare/Medicaid 
 Trade (domestic/foreign) 
 Food Industry (safety, labeling, etc.) 
 Health Issues,,70000.0
20101020,ROSS PRODUCTS DIVISION/ABBOTT LABORATORIES,Health Issues,,40000.0
20101022,ABBOTT LABORATORIES,Food Industry (safety, labeling, etc.) 
 Health Issues,,60000.0
20101022,ABBOTT LABORATORIES,Health Issues 
 Food Industry (safety, labeling, etc.),,60000.0
20101222,ABBOTT LABORATORIES,Food Industry (safety, labeling, etc.) 
 Budget/Appropriations 
 Health Issues 
 Copyright/Patent/Trademark 
 Taxation/Internal Revenue Code 
 Agriculture 
 Trade (domestic/foreign) 
 Medicare/Medicaid,,650000.0
20101222,ABBOTT LABORATORIES,Food Industry (safety, labeling, etc.) 
 Copyright/Patent/Trademark 
 Taxation/Internal Revenue Code 
 Agriculture 
 Trade (domestic/foreign) 
 Budget/Appropriations 
 Health Issues,,1570000.0
20101222,ABBOTT LABORATORIES,Food Industry (safety, labeling, etc.) 
 Medicare/Medicaid 
 Health Issues 
 Taxation/Internal Revenue Code 
 Agriculture 
 Trade (domestic/foreign) 
 Copyright/Patent/Trademark,,1940000.0
20101227,ABBOTT LABORATORIES,Food Industry (safety, labeling, etc.) 
 Budget/Appropriations 
 Medicare/Medicaid 
 Copyright/Patent/Trademark 
 Taxation/Internal Revenue Code 
 Agriculture 
 Health Issues 
 Trade (domestic/foreign) 
 Consumer Issues/Safety/Products,,770000.0
20110105,ABBOTT LABORATORIES,,,0.0
20110111,ABBOTT LABORATORIES,Food Industry (safety, labeling, etc.) 
 Health Issues 
 Medicare/Medicaid 
 Taxation/Internal Revenue Code,,60000.0
20110118,ABBOTT LABORATORIES,,,0.0
20110119,ABBOTT LABORATORIES,Food Industry (safety, labeling, etc.) 
 Health Issues,,50000.0
20110120,ABBOTT LABORATORIES,Food Industry (safety, labeling, etc.) 
 Health Issues,,60000.0
20110120,ROSS PRODUCTS DIVISION/ABBOTT LABORATORIES,Health Issues,,40000.0
20110120,ABBOTT LABORATORIES,Health Issues 
 Copyright/Patent/Trademark 
 Taxation/Internal Revenue Code 
 Agriculture 
 Trade (domestic/foreign) 
 Food Industry (safety, labeling, etc.) 
 Medicare/Medicaid 
 Budget/Appropriations,,1750000.0
20110120,ABBOTT LABORATORIES,Trade (domestic/foreign) 
 Medicare/Medicaid 
 Health Issues 
 Food Industry (safety, labeling, etc.),,70000.0
20110120,ABBOTT LABORATORIES,Food Industry (safety, labeling, etc.) 
 Health Issues 
 Taxation/Internal Revenue Code,,50000.0
20110411,ABBOTT LABORATORIES,,,0.0
20110412,ABBOTT LABORATORIES,Law Enforcement/Crime/Criminal Justice 
 Torts 
 Medical/Disease Research/Clinical Labs 
 Health Issues,,0.0
20110415,ABBOTT LABORATORIES,,,0.0
20110418,ABBOTT LABORATORIES,Law Enforcement/Crime/Criminal Justice 
 Health Issues 
 Medical/Disease Research/Clinical Labs 
 Torts,,20000.0
20110419,ROSS PRODUCTS DIVISION/ABBOTT LABORATORIES,Health Issues,,40000.0
20110419,ABBOTT LABORATORIES,Health Issues 
 Copyright/Patent/Trademark 
 Medicare/Medicaid,,50000.0
20110420,ABBOTT LABORATORIES,Health Issues 
 Copyright/Patent/Trademark 
 Food Industry (safety, labeling, etc.),,30000.0
20110420,ABBOTT LABORATORIES,Budget/Appropriations 
 Medicare/Medicaid 
 Health Issues 
 Copyright/Patent/Trademark 
 Taxation/Internal Revenue Code 
 Agriculture 
 Financial Institutions/Investments/Securities 
 Manufacturing 
 Trade (domestic/foreign),,1470000.0
20110420,ABBOTT LABORATORIES,Health Issues 
 Trade (domestic/foreign) 
 Medicare/Medicaid 
 Food Industry (safety, labeling, etc.),,70000.0
20110420,ABBOTT LABORATORIES,Food Industry (safety, labeling, etc.) 
 Health Issues 
 Budget/Appropriations 
 Taxation/Internal Revenue Code,,50000.0
20110712,ABBOTT LABORATORIES,,,0.0
20110718,ABBOTT LABORATORIES,Law Enforcement/Crime/Criminal Justice 
 Torts 
 Health Issues 
 Medical/Disease Research/Clinical Labs,,60000.0
20110719,ABBOTT LABORATORIES,,,0.0
20110719,ABBOTT LABORATORIES,Health Issues 
 Trade (domestic/foreign) 
 Copyright/Patent/Trademark 
 Medicare/Medicaid,,50000.0
20110720,ABBOTT LABORATORIES,Food Industry (safety, labeling, etc.) 
 Budget/Appropriations 
 Health Issues 
 Taxation/Internal Revenue Code,,50000.0
20110720,ABBOTT LABORATORIES,Health Issues 
 Food Industry (safety, labeling, etc.) 
 Copyright/Patent/Trademark,,30000.0
20110720,ABBOTT LABORATORIES,Budget/Appropriations 
 Medicare/Medicaid 
 Health Issues 
 Agriculture 
 Financial Institutions/Investments/Securities 
 Trade (domestic/foreign) 
 Copyright/Patent/Trademark 
 Taxation/Internal Revenue Code 
 Manufacturing,,500000.0
20110720,ROSS PRODUCTS DIVISION/ABBOTT LABORATORIES,Health Issues,,50000.0
20110720,ABBOTT LABORATORIES,Health Issues 
 Medicare/Medicaid 
 Food Industry (safety, labeling, etc.) 
 Trade (domestic/foreign),,70000.0
20111010,ABBOTT LABORATORIES,Medicare/Medicaid,,0.0
20111018,ABBOTT LABORATORIES,Law Enforcement/Crime/Criminal Justice 
 Torts 
 Medical/Disease Research/Clinical Labs 
 Health Issues,,60000.0
20111019,ABBOTT LABORATORIES,,,0.0
20111020,ABBOTT LABORATORIES,Food Industry (safety, labeling, etc.) 
 Health Issues 
 Copyright/Patent/Trademark,,30000.0
20111020,ABBOTT LABORATORIES,Health Issues 
 Financial Institutions/Investments/Securities 
 Budget/Appropriations 
 Taxation/Internal Revenue Code 
 Food Industry (safety, labeling, etc.),,50000.0
20111020,ABBOTT LABORATORIES,Medicare/Medicaid 
 Health Issues 
 Agriculture 
 Copyright/Patent/Trademark 
 Taxation/Internal Revenue Code 
 Financial Institutions/Investments/Securities 
 Trade (domestic/foreign) 
 Labor Issues/Antitrust/Workplace,,890000.0
20111020,ABBOTT LABORATORIES,Medicare/Medicaid 
 Food Industry (safety, labeling, etc.) 
 Trade (domestic/foreign) 
 Health Issues,,70000.0
20111020,ROSS PRODUCTS DIVISION/ABBOTT LABORATORIES,Health Issues 
 Agriculture,,40000.0
20111020,ROSS PRODUCTS DIVISION/ABBOTT LABORATORIES,Health Issues,,40000.0
20111020,ABBOTT LABORATORIES,Medicare/Medicaid 
 Trade (domestic/foreign),,50000.0
20111110,ABBOTT LABORATORIES,Health Issues,,30000.0
20120116,ABBOTT LABORATORIES,Law Enforcement/Crime/Criminal Justice 
 Health Issues 
 Torts,,60000.0
20120118,ABBOTT LABORATORIES,,,0.0
20120119,ABBOTT LABORATORIES,Medicare/Medicaid,,50000.0
20120119,ROSS PRODUCTS DIVISION/ABBOTT LABORATORIES,Health Issues 
 Agriculture,,40000.0
20120120,ABBOTT LABORATORIES,Food Industry (safety, labeling, etc.) 
 Health Issues,,30000.0
20120120,ABBOTT LABORATORIES,Labor Issues/Antitrust/Workplace 
 Budget/Appropriations 
 Medicare/Medicaid 
 Health Issues 
 Taxation/Internal Revenue Code 
 Agriculture 
 Financial Institutions/Investments/Securities 
 Trade (domestic/foreign),,1430000.0
20120120,ABBOTT LABORATORIES,Food Industry (safety, labeling, etc.) 
 Health Issues 
 Financial Institutions/Investments/Securities 
 Taxation/Internal Revenue Code 
 Budget/Appropriations,,50000.0
20120120,ABBOTT LABORATORIES,Food Industry (safety, labeling, etc.) 
 Health Issues 
 Trade (domestic/foreign) 
 Taxation/Internal Revenue Code 
 Medicare/Medicaid,,70000.0
20120120,ABBOTT LABORATORIES,Medicare/Medicaid,,30000.0
20120418,ABBOTT LABORATORIES,Budget/Appropriations 
 Medicare/Medicaid 
 Health Issues 
 Taxation/Internal Revenue Code,,50000.0
20120418,ABBOTT LABORATORIES,,,0.0
20120419,ABBOTT LABORATORIES,,,0.0
20120420,ABBOTT LABORATORIES,Law Enforcement/Crime/Criminal Justice 
 Torts 
 Health Issues,,60000.0
20120420,ABBOTT LABORATORIES,Health Issues 
 Trade (domestic/foreign) 
 Budget/Appropriations 
 Medicare/Medicaid 
 Taxation/Internal Revenue Code 
 Financial Institutions/Investments/Securities 
 Agriculture,,1600000.0
20120420,ROSS PRODUCTS DIVISION/ABBOTT LABORATORIES,Health Issues 
 Agriculture,,60000.0
20120420,ABBOTT LABORATORIES,Budget/Appropriations 
 Health Issues 
 Financial Institutions/Investments/Securities 
 Taxation/Internal Revenue Code,,50000.0
20120420,ABBOTT LABORATORIES,Food Industry (safety, labeling, etc.) 
 Health Issues,,30000.0
20120423,ABBOTT LABORATORIES,Health Issues 
 Taxation/Internal Revenue Code 
 Trade (domestic/foreign) 
 Medicare/Medicaid,,70000.0
20120717,ABBOTT LABORATORIES,,,0.0
20120718,ABBOTT LABORATORIES,,,0.0
20120719,ABBOTT LABORATORIES,Law Enforcement/Crime/Criminal Justice 
 Health Issues,,60000.0
20120719,ROSS PRODUCTS DIVISION/ABBOTT LABORATORIES,Health Issues 
 Agriculture,,50000.0
20120719,ABBOTT LABORATORIES,Health Issues 
 Financial Institutions/Investments/Securities 
 Taxation/Internal Revenue Code 
 Budget/Appropriations,,50000.0
20120720,ABBOTT LABORATORIES,Budget/Appropriations 
 Medicare/Medicaid 
 Health Issues 
 Taxation/Internal Revenue Code 
 Agriculture 
 Financial Institutions/Investments/Securities 
 Trade (domestic/foreign),,540000.0
20120720,ABBOTT LABORATORIES,Health Issues 
 Trade (domestic/foreign) 
 Taxation/Internal Revenue Code 
 Food Industry (safety, labeling, etc.) 
 Medicare/Medicaid,,70000.0
20120720,ABBOTT LABORATORIES,Health Issues 
 Food Industry (safety, labeling, etc.),,30000.0
20120720,ABBOTT LABORATORIES,Health Issues,,50000.0
20121017,ABBOTT LABORATORIES,,,0.0
20121018,ABBOTT LABORATORIES,Health Issues 
 Financial Institutions/Investments/Securities 
 Taxation/Internal Revenue Code 
 Budget/Appropriations,,50000.0
20121019,ABBOTT LABORATORIES,,,0.0
20121019,ROSS PRODUCTS DIVISION/ABBOTT LABORATORIES,Agriculture 
 Health Issues,,40000.0
20121019,ABBOTT LABORATORIES,Health Issues 
 Medicare/Medicaid 
 Budget/Appropriations,,50000.0
20121022,ABBOTT LABORATORIES,Budget/Appropriations 
 Medicare/Medicaid 
 Taxation/Internal Revenue Code 
 Agriculture 
 Trade (domestic/foreign) 
 Health Issues 
 Financial Institutions/Investments/Securities,,1790000.0
20121022,ABBOTT LABORATORIES,Trade (domestic/foreign) 
 Health Issues 
 Food Industry (safety, labeling, etc.) 
 Taxation/Internal Revenue Code 
 Medicare/Medicaid,,70000.0
20121022,ABBOTT LABORATORIES,Health Issues 
 Food Industry (safety, labeling, etc.),,30000.0
20121022,ABBOTT LABORATORIES,Law Enforcement/Crime/Criminal Justice 
 Health Issues,,60000.0
20121023,ABBOTT LABORATORIES,Medicare/Medicaid 
 Health Issues 
 Taxation/Internal Revenue Code 
 Budget/Appropriations 
 Agriculture 
 Financial Institutions/Investments/Securities 
 Trade (domestic/foreign),,1790000.0
20121120,ABBOTT LABORATORIES,Copyright/Patent/Trademark 
 Trade (domestic/foreign),,0.0
20130116,ABBOTT LABORATORIES,,,0.0
20130118,ABBOTT LABORATORIES,Health Issues 
 Food Industry (safety, labeling, etc.),,30000.0
20130118,ABBOTT LABORATORIES,,,0.0
20130118,ABBOTT LABORATORIES,Law Enforcement/Crime/Criminal Justice 
 Health Issues,,60000.0
20130118,ROSS PRODUCTS DIVISION/ABBOTT LABORATORIES,Budget/Appropriations 
 Health Issues 
 Agriculture,,30000.0
20130118,ABBOTT LABORATORIES,Health Issues 
 Financial Institutions/Investments/Securities 
 Taxation/Internal Revenue Code,,50000.0
20130120,ABBOTT LABORATORIES,Health Issues 
 Medicare/Medicaid,,50000.0
20130122,ABBOTT LABORATORIES,Trade (domestic/foreign) 
 Taxation/Internal Revenue Code 
 Health Issues 
 Medicare/Medicaid,,70000.0
20130122,ABBOTT LABORATORIES,Copyright/Patent/Trademark 
 Trade (domestic/foreign),,90000.0
20130128,ABBOTT LABORATORIES,Health Issues 
 Telecommunications 
 Taxation/Internal Revenue Code 
 Medicare/Medicaid 
 Agriculture 
 Trade (domestic/foreign),,840000.0
20130205,ABBOTT LABORATORIES,Trade (domestic/foreign) 
 Copyright/Patent/Trademark,,90000.0
20130219,ABBOTT LABORATORIES,Medical/Disease Research/Clinical Labs 
 Health Issues 
 Medicare/Medicaid,,0.0
20130410,ABBOTT LABORATORIES,,,0.0
20130412,ABBOTT LABORATORIES,,,0.0
20130417,ABBOTT LABORATORIES,Health Issues 
 Medicare/Medicaid 
 Medical/Disease Research/Clinical Labs,,30000.0
20130418,ABBOTT LABORATORIES,Health Issues 
 Medicare/Medicaid 
 Budget/Appropriations,,50000.0
20130419,ABBOTT LABORATORIES,,,0.0
20130419,ROSS PRODUCTS DIVISION/ABBOTT LABORATORIES,Health Issues 
 Agriculture 
 Budget/Appropriations,,30000.0
20130422,ABBOTT LABORATORIES,Budget/Appropriations 
 Medicare/Medicaid 
 Health Issues 
 Taxation/Internal Revenue Code 
 Agriculture 
 Trade (domestic/foreign),,500000.0
20130422,ABBOTT LABORATORIES,,,0.0
20130422,ABBOTT LABORATORIES,Health Issues,,60000.0
20130422,ABBOTT LABORATORIES,Health Issues 
 Financial Institutions/Investments/Securities 
 Taxation/Internal Revenue Code,,0.0
20130711,ABBOTT LABORATORIES,,,0.0
20130718,ABBOTT LABORATORIES,Medical/Disease Research/Clinical Labs 
 Medicare/Medicaid 
 Health Issues,,40000.0
20130719,ABBOTT LABORATORIES,,,0.0
20130719,ROSS PRODUCTS DIVISION/ABBOTT LABORATORIES,Health Issues 
 Agriculture 
 Budget/Appropriations,,30000.0
20130719,ABBOTT LABORATORIES,Medicare/Medicaid 
 Agriculture 
 Taxation/Internal Revenue Code 
 Health Issues,,50000.0
20130722,ABBOTT LABORATORIES,Health Issues 
 Taxation/Internal Revenue Code 
 Agriculture 
 Trade (domestic/foreign) 
 Immigration 
 Medicare/Medicaid,,280000.0
20130722,ABBOTT LABORATORIES,Immigration 
 Agriculture 
 Trade (domestic/foreign) 
 Health Issues 
 Copyright/Patent/Trademark 
 Taxation/Internal Revenue Code 
 Medicare/Medicaid,,280000.0
20130722,ABBOTT LABORATORIES,Health Issues,,60000.0
20130729,ROSS PRODUCTS DIVISION/ABBOTT LABORATORIES,Budget/Appropriations 
 Health Issues 
 Agriculture,,30000.0
20131009,ABBOTT LABORATORIES,,,0.0
20131017,ABBOTT LABORATORIES,Medical/Disease Research/Clinical Labs 
 Medicare/Medicaid 
 Health Issues,,40000.0
20131018,ABBOTT LABORATORIES,,,0.0
20131018,ROSS PRODUCTS DIVISION/ABBOTT LABORATORIES,Budget/Appropriations 
 Agriculture 
 Health Issues,,30000.0
20131021,ABBOTT LABORATORIES,Trade (domestic/foreign) 
 Health Issues,,60000.0
20131021,ABBOTT LABORATORIES,Taxation/Internal Revenue Code 
 Health Issues 
 Medicare/Medicaid 
 Agriculture,,50000.0
20131022,ABBOTT LABORATORIES,Medicare/Medicaid 
 Health Issues 
 Taxation/Internal Revenue Code 
 Food Industry (safety, labeling, etc.) 
 Immigration 
 Agriculture,,580000.0
20140115,ABBOTT LABORATORIES,,,0.0
20140116,ABBOTT LABORATORIES,Health Issues 
 Medicare/Medicaid 
 Medical/Disease Research/Clinical Labs,,40000.0
20140117,ABBOTT LABORATORIES,,,0.0
20140120,ABBOTT LABORATORIES,Medicare/Medicaid 
 Taxation/Internal Revenue Code 
 Health Issues 
 Agriculture,,50000.0
20140120,ABBOTT LABORATORIES,Food Industry (safety, labeling, etc.) 
 Health Issues 
 Copyright/Patent/Trademark 
 Taxation/Internal Revenue Code 
 Agriculture 
 Immigration 
 Medicare/Medicaid,,700000.0
20140121,ROSS PRODUCTS DIVISION/ABBOTT LABORATORIES,Agriculture 
 Health Issues 
 Budget/Appropriations,,20000.0
20140121,ABBOTT LABORATORIES,Food Industry (safety, labeling, etc.) 
 Health Issues 
 Trade (domestic/foreign),,60000.0
20140414,ABBOTT LABORATORIES,,,0.0
20140415,ABBOTT LABORATORIES,Medicare/Medicaid 
 Health Issues 
 Taxation/Internal Revenue Code,,50000.0
20140416,ABBOTT LABORATORIES,,,0.0
20140416,ROSS PRODUCTS DIVISION/ABBOTT LABORATORIES,Budget/Appropriations 
 Health Issues 
 Agriculture,,30000.0
20140417,ABBOTT LABORATORIES,Health Issues 
 Medical/Disease Research/Clinical Labs 
 Medicare/Medicaid,,40000.0
20140421,ABBOTT LABORATORIES,Food Industry (safety, labeling, etc.) 
 Immigration 
 Budget/Appropriations 
 Copyright/Patent/Trademark 
 Taxation/Internal Revenue Code 
 Agriculture 
 Trade (domestic/foreign) 
 Medicare/Medicaid 
 Health Issues,,410000.0
20140421,ABBOTT LABORATORIES,Food Industry (safety, labeling, etc.) 
 Health Issues 
 Trade (domestic/foreign),,70000.0
20140627,ABBOTT LABORATORIES,Food Industry (safety, labeling, etc.) 
 Health Issues 
 Trade (domestic/foreign),,80000.0
20140714,ABBOTT LABORATORIES,Medicare/Medicaid 
 Health Issues 
 Trade (domestic/foreign) 
 Taxation/Internal Revenue Code,,50000.0
20140715,ABBOTT LABORATORIES,,,0.0
20140717,ABBOTT LABORATORIES,Health Issues 
 Medicare/Medicaid 
 Medical/Disease Research/Clinical Labs,,40000.0
20140718,ABBOTT LABORATORIES,Veterans 
 Health Issues 
 Taxation/Internal Revenue Code 
 Food Industry (safety, labeling, etc.) 
 Medicare/Medicaid 
 Agriculture 
 Trade (domestic/foreign) 
 Budget/Appropriations,,280000.0
20140718,ROSS PRODUCTS DIVISION/ABBOTT LABORATORIES,Budget/Appropriations 
 Health Issues 
 Agriculture,,30000.0
20140720,ABBOTT LABORATORIES,,,0.0
20141015,ABBOTT LABORATORIES,,,0.0
20141016,ABBOTT LABORATORIES,Health Issues 
 Medicare/Medicaid 
 Medical/Disease Research/Clinical Labs,,40000.0
20141020,ABBOTT LABORATORIES,Food Industry (safety, labeling, etc.) 
 Health Issues 
 Trade (domestic/foreign),,80000.0
20141020,ABBOTT LABORATORIES,Health Issues 
 Medicare/Medicaid 
 Taxation/Internal Revenue Code,,50000.0
20141020,ROSS PRODUCTS DIVISION/ABBOTT LABORATORIES,Health Issues 
 Budget/Appropriations 
 Agriculture,,30000.0
20141022,ABBOTT LABORATORIES,Health Issues 
 Taxation/Internal Revenue Code 
 Agriculture 
 Food Industry (safety, labeling, etc.) 
 Immigration 
 Medicare/Medicaid 
 Trade (domestic/foreign),,810000.0
20150116,ABBOTT LABORATORIES,Health Issues 
 Medicare/Medicaid 
 Medical/Disease Research/Clinical Labs,,40000.0
20150119,ABBOTT LABORATORIES,Food Industry (safety, labeling, etc.) 
 Health Issues 
 Trade (domestic/foreign),,70000.0
20150120,ABBOTT LABORATORIES,Health Issues 
 Taxation/Internal Revenue Code 
 Food Industry (safety, labeling, etc.) 
 Medicare/Medicaid 
 Agriculture 
 Trade (domestic/foreign),,580000.0
20150120,ABBOTT LABORATORIES,,,0.0
20150120,ABBOTT LABORATORIES,Health Issues 
 Budget/Appropriations 
 Agriculture 
 Medicare/Medicaid 
 Taxation/Internal Revenue Code,,50000.0
20150120,ROSS PRODUCTS DIVISION/ABBOTT LABORATORIES,Health Issues 
 Agriculture 
 Budget/Appropriations,,30000.0
20150318,ABBOTT LABORATORIES,Agriculture 
 Taxation/Internal Revenue Code 
 Health Issues,,0.0
20150416,ABBOTT LABORATORIES,,,0.0
20150416,ABBOTT LABORATORIES,Health Issues 
 Medicare/Medicaid 
 Medical/Disease Research/Clinical Labs,,40000.0
20150417,ABBOTT LABORATORIES,Medicare/Medicaid 
 Health Issues 
 Agriculture 
 Taxation/Internal Revenue Code,,50000.0
20150417,ABBOTT LABORATORIES,Agriculture 
 Taxation/Internal Revenue Code 
 Health Issues,,40000.0
20150420,ROSS PRODUCTS DIVISION/ABBOTT LABORATORIES,Budget/Appropriations 
 Health Issues 
 Agriculture,,30000.0
20150420,ABBOTT LABORATORIES,Health Issues 
 Taxation/Internal Revenue Code 
 Agriculture 
 Trade (domestic/foreign) 
 Food Industry (safety, labeling, etc.) 
 Medicare/Medicaid,,410000.0
20150428,ABBOTT LABORATORIES,Agriculture 
 Health Issues 
 Food Industry (safety, labeling, etc.),,0.0
20150716,ABBOTT LABORATORIES,Health Issues 
 Medicare/Medicaid 
 Medical/Disease Research/Clinical Labs,,40000.0
20150717,ABBOTT LABORATORIES,Trade (domestic/foreign) 
 Medicare/Medicaid 
 Food Industry (safety, labeling, etc.),,60000.0
20150717,ABBOTT LABORATORIES,Agriculture 
 Taxation/Internal Revenue Code 
 Health Issues,,40000.0
20150720,ABBOTT LABORATORIES,Food Industry (safety, labeling, etc.) 
 Medicare/Medicaid 
 Telecommunications 
 Taxation/Internal Revenue Code 
 Agriculture 
 Health Issues 
 Trade (domestic/foreign),,330000.0
20150720,ROSS PRODUCTS DIVISION/ABBOTT LABORATORIES,Health Issues 
 Budget/Appropriations 
 Agriculture,,30000.0
20150720,ABBOTT LABORATORIES,Taxation/Internal Revenue Code 
 Agriculture 
 Trade (domestic/foreign) 
 Health Issues 
 Medicare/Medicaid,,50000.0
20150720,ABBOTT LABORATORIES,Medicare/Medicaid,,0.0
20151014,ABBOTT LABORATORIES,,,0.0
20151016,ABBOTT LABORATORIES,Medical/Disease Research/Clinical Labs 
 Health Issues 
 Medicare/Medicaid,,40000.0
20151019,ABBOTT LABORATORIES,Medicare/Medicaid 
 Food Industry (safety, labeling, etc.),,60000.0
20151019,ABBOTT LABORATORIES,Agriculture 
 Taxation/Internal Revenue Code 
 Health Issues,,40000.0
20151019,ABBOTT LABORATORIES,Food Industry (safety, labeling, etc.) 
 Medicare/Medicaid 
 Health Issues 
 Trade (domestic/foreign) 
 Copyright/Patent/Trademark 
 Telecommunications 
 Taxation/Internal Revenue Code 
 Agriculture,,700000.0
20151020,ABBOTT LABORATORIES,Medicare/Medicaid 
 Health Issues 
 Taxation/Internal Revenue Code 
 Agriculture,,50000.0
20151020,ABBOTT LABORATORIES,Taxation/Internal Revenue Code 
 Agriculture 
 Medicare/Medicaid 
 Health Issues,,50000.0
20151020,ROSS PRODUCTS DIVISION/ABBOTT LABORATORIES,Agriculture 
 Health Issues 
 Budget/Appropriations,,30000.0
20160117,ABBOTT LABORATORIES,Health Issues 
 Medicare/Medicaid 
 Medical/Disease Research/Clinical Labs,,40000.0
20160119,ABBOTT LABORATORIES,Agriculture 
 Taxation/Internal Revenue Code 
 Health Issues 
 Medicare/Medicaid 
 Budget/Appropriations,,50000.0
20160119,ABBOTT LABORATORIES,,,0.0
20160119,ABBOTT LABORATORIES,Agriculture 
 Taxation/Internal Revenue Code 
 Health Issues,,40000.0
20160120,ABBOTT LABORATORIES,Food Industry (safety, labeling, etc.) 
 Medicare/Medicaid 
 Transportation 
 Agriculture 
 Trade (domestic/foreign) 
 Veterans 
 Health Issues 
 Taxation/Internal Revenue Code,,840000.0
20160120,ABBOTT LABORATORIES,Medicare/Medicaid 
 Food Industry (safety, labeling, etc.),,60000.0
20160121,ROSS PRODUCTS DIVISION/ABBOTT LABORATORIES,Budget/Appropriations 
 Agriculture 
 Health Issues,,30000.0
20160202,ABBOTT LABORATORIES,Food Industry (safety, labeling, etc.) 
 Medicare/Medicaid 
 Veterans 
 Health Issues 
 Taxation/Internal Revenue Code 
 Transportation 
 Agriculture 
 Trade (domestic/foreign),,1040000.0
20160203,ABBOTT LABORATORIES,Health Issues,,0.0
20160209,ABBOTT LABORATORIES,,,0.0
20161013,ABBOTT LABORATORIES,Food Industry (safety, labeling, etc.) 
 Taxation/Internal Revenue Code 
 Health Issues,,0.0
20170116,ABBOTT LABORATORIES,Medical/Disease Research/Clinical Labs 
 Health Issues 
 Medicare/Medicaid,,40000.0
20170117,ABBOTT LABORATORIES,,,0.0
20170118,ABBOTT LABORATORIES,Health Issues 
 Taxation/Internal Revenue Code,,50000.0
20170118,ABBOTT LABORATORIES,Health Issues 
 Agriculture 
 Taxation/Internal Revenue Code,,20000.0
20170122,ABBOTT LABORATORIES,Taxation/Internal Revenue Code 
 Health Issues 
 Food Industry (safety, labeling, etc.),,30000.0
20170123,ABBOTT LABORATORIES,Health Issues 
 Taxation/Internal Revenue Code 
 Agriculture 
 Natural Resources 
 Food Industry (safety, labeling, etc.) 
 Medicare/Medicaid 
 Trade (domestic/foreign),,790000.0
20170123,ABBOTT LABORATORIES,Trade (domestic/foreign) 
 Science/Technology 
 Agriculture 
 Budget/Appropriations,,50000.0
20170124,ABBOTT LABORATORIES,Health Issues,,0.0
20170125,ABBOTT LABORATORIES,Health Issues,,30000.0
20170215,ABBOTT LABORATORIES,Medicare/Medicaid,,0.0
20170306,ABBOTT LABORATORIES,Taxation/Internal Revenue Code,,0.0
20170417,ABBOTT LABORATORIES,Health Issues 
 Medicare/Medicaid 
 Medical/Disease Research/Clinical Labs,,40000.0
20170417,ROSS PRODUCTS DIVISION/ABBOTT LABORATORIES,Agriculture 
 Health Issues 
 Budget/Appropriations,,30000.0
20170417,ABBOTT LABORATORIES,,,0.0
20170419,ABBOTT LABORATORIES,Medicare/Medicaid,,50000.0
20170419,ABBOTT LABORATORIES,Agriculture 
 Taxation/Internal Revenue Code 
 Trade (domestic/foreign) 
 Budget/Appropriations 
 Science/Technology,,50000.0
20170420,ROSS PRODUCTS DIVISION/ABBOTT LABORATORIES,Health Issues 
 Agriculture 
 Budget/Appropriations,,30000.0
20170420,ABBOTT LABORATORIES,Food Industry (safety, labeling, etc.) 
 Taxation/Internal Revenue Code 
 Health Issues,,50000.0
20170420,ABBOTT LABORATORIES,Taxation/Internal Revenue Code,,10000.0
20170420,ABBOTT LABORATORIES,Food Industry (safety, labeling, etc.) 
 Health Issues 
 Taxation/Internal Revenue Code 
 Medicare/Medicaid 
 Trade (domestic/foreign) 
 Budget/Appropriations,,770000.0
20170420,ABBOTT LABORATORIES,Health Issues,,30000.0
20170421,ABBOTT LABORATORIES,Taxation/Internal Revenue Code 
 Medicare/Medicaid 
 Health Issues,,50000.0
20170712,ABBOTT LABORATORIES,,,0.0
20170717,ABBOTT LABORATORIES,Health Issues 
 Medicare/Medicaid 
 Medical/Disease Research/Clinical Labs,,40000.0
20170718,ABBOTT LABORATORIES,Taxation/Internal Revenue Code,,10000.0
20170719,ABBOTT LABORATORIES,Trade (domestic/foreign) 
 Agriculture 
 Taxation/Internal Revenue Code 
 Budget/Appropriations 
 Science/Technology,,50000.0
20170720,ABBOTT LABORATORIES,Food Industry (safety, labeling, etc.) 
 Aviation/Airlines/Airports 
 Budget/Appropriations 
 Medicare/Medicaid 
 Taxation/Internal Revenue Code 
 Agriculture 
 Trade (domestic/foreign) 
 Veterans 
 Health Issues,,860000.0
20170720,ABBOTT LABORATORIES,Medicare/Medicaid 
 Health Issues 
 Taxation/Internal Revenue Code,,50000.0
20170720,ABBOTT LABORATORIES,Health Issues,,30000.0
20170720,ABBOTT LABORATORIES,Medicare/Medicaid,,50000.0
20170720,ABBOTT LABORATORIES,Taxation/Internal Revenue Code 
 Health Issues 
 Food Industry (safety, labeling, etc.),,50000.0
20170721,ROSS PRODUCTS DIVISION/ABBOTT LABORATORIES,Budget/Appropriations 
 Agriculture 
 Health Issues,,30000.0
20170727,ABBOTT LABORATORIES,Food Industry (safety, labeling, etc.) 
 Aviation/Airlines/Airports 
 Budget/Appropriations 
 Medicare/Medicaid 
 Agriculture 
 Trade (domestic/foreign) 
 Veterans 
 Health Issues 
 Taxation/Internal Revenue Code,,860000.0
20171010,ABBOTT LABORATORIES,,,0.0
20171016,ABBOTT LABORATORIES,Trade (domestic/foreign) 
 Agriculture 
 Taxation/Internal Revenue Code 
 Science/Technology 
 Budget/Appropriations,,50000.0
20171019,ABBOTT LABORATORIES,Food Industry (safety, labeling, etc.) 
 Aviation/Airlines/Airports 
 Budget/Appropriations 
 Medicare/Medicaid 
 Veterans 
 Taxation/Internal Revenue Code 
 Health Issues 
 Agriculture 
 Trade (domestic/foreign),,890000.0
20171019,ABBOTT LABORATORIES,Food Industry (safety, labeling, etc.) 
 Medicare/Medicaid 
 Health Issues 
 Taxation/Internal Revenue Code 
 Trade (domestic/foreign) 
 Budget/Appropriations,,790000.0
20171019,ABBOTT LABORATORIES,Food Industry (safety, labeling, etc.) 
 Medicare/Medicaid 
 Health Issues 
 Taxation/Internal Revenue Code 
 Agriculture 
 Trade (domestic/foreign) 
 Natural Resources,,820000.0
20171019,ABBOTT LABORATORIES,Medicare/Medicaid 
 Food Industry (safety, labeling, etc.) 
 Veterans 
 Health Issues 
 Taxation/Internal Revenue Code 
 Trade (domestic/foreign),,690000.0
20171019,ABBOTT LABORATORIES,,,0.0
20171019,ABBOTT LABORATORIES,Medical/Disease Research/Clinical Labs,,40000.0
20171019,ABBOTT LABORATORIES,Taxation/Internal Revenue Code,,10000.0
20171020,ABBOTT LABORATORIES,Taxation/Internal Revenue Code 
 Health Issues 
 Food Industry (safety, labeling, etc.),,50000.0
20171020,ABBOTT LABORATORIES,Medicare/Medicaid 
 Health Issues 
 Taxation/Internal Revenue Code,,50000.0
20171020,ABBOTT LABORATORIES,Health Issues,,30000.0
20171218,ABBOTT LABORATORIES,Taxation/Internal Revenue Code,,0.0
20180101,ABBOTT LABORATORIES,Medical/Disease Research/Clinical Labs,,40000.0
20180116,ABBOTT LABORATORIES,Medical/Disease Research/Clinical Labs,,0.0
20180119,ABBOTT LABORATORIES,Medicare/Medicaid 
 Taxation/Internal Revenue Code 
 Health Issues,,50000.0
20180119,ABBOTT LABORATORIES,,,0.0
20180122,ABBOTT LABORATORIES,Food Industry (safety, labeling, etc.) 
 Medicare/Medicaid 
 Veterans 
 Health Issues 
 Taxation/Internal Revenue Code 
 Trade (domestic/foreign),,1700000.0
20180122,ABBOTT LABORATORIES,Science/Technology 
 Taxation/Internal Revenue Code 
 Budget/Appropriations 
 Trade (domestic/foreign) 
 Agriculture,,50000.0
20180122,ABBOTT LABORATORIES,Health Issues 
 Food Industry (safety, labeling, etc.) 
 Taxation/Internal Revenue Code,,50000.0
20180122,ABBOTT LABORATORIES,Taxation/Internal Revenue Code,,60000.0
20180122,ABBOTT LABORATORIES,Taxation/Internal Revenue Code,,40000.0
20180122,ABBOTT LABORATORIES,Health Issues,,30000.0
20180402,ABBOTT LABORATORIES,,,0.0
20180419,ABBOTT LABORATORIES,Food Industry (safety, labeling, etc.) 
 Taxation/Internal Revenue Code 
 Health Issues,,50000.0
20180419,ABBOTT LABORATORIES,Taxation/Internal Revenue Code,,60000.0
20180419,ABBOTT LABORATORIES,Health Issues 
 Taxation/Internal Revenue Code 
 Budget/Appropriations 
 Medicare/Medicaid,,50000.0
20180419,ABBOTT LABORATORIES,Science/Technology 
 Trade (domestic/foreign) 
 Taxation/Internal Revenue Code 
 Budget/Appropriations,,50000.0
20180419,ABBOTT LABORATORIES,Taxation/Internal Revenue Code,,50000.0
20180419,ABBOTT LABORATORIES,Medical/Disease Research/Clinical Labs,,20000.0
20180420,ABBOTT LABORATORIES,Health Issues,,30000.0
20180420,ABBOTT LABORATORIES,Aviation/Airlines/Airports 
 Budget/Appropriations 
 Medicare/Medicaid 
 Health Issues 
 Agriculture 
 Trade (domestic/foreign) 
 Food Industry (safety, labeling, etc.) 
 Taxation/Internal Revenue Code,,790000.0
20180706,ABBOTT LABORATORIES,Taxation/Internal Revenue Code,,90000.0
20180716,ABBOTT LABORATORIES,Health Issues 
 Medical/Disease Research/Clinical Labs,,40000.0
20180718,ABBOTT LABORATORIES,Taxation/Internal Revenue Code,,20000.0
20180719,ABBOTT LABORATORIES,,,0.0
20180719,ABBOTT LABORATORIES,Health Issues 
 Taxation/Internal Revenue Code 
 Food Industry (safety, labeling, etc.),,50000.0
20180719,ABBOTT LABORATORIES,Trade (domestic/foreign) 
 Taxation/Internal Revenue Code 
 Health Issues 
 Budget/Appropriations 
 Science/Technology,,50000.0
20180720,ABBOTT LABORATORIES,Taxation/Internal Revenue Code,,90000.0
20180720,ABBOTT LABORATORIES,Food Industry (safety, labeling, etc.) 
 Aviation/Airlines/Airports 
 Consumer Issues/Safety/Products 
 Medicare/Medicaid 
 Veterans 
 Health Issues 
 Taxation/Internal Revenue Code 
 Transportation 
 Agriculture 
 Trade (domestic/foreign),,770000.0
20180720,ABBOTT LABORATORIES,Medicare/Medicaid 
 Health Issues 
 Taxation/Internal Revenue Code,,50000.0
20180720,ABBOTT LABORATORIES,Health Issues,,30000.0
20190116,ROSS PRODUCTS DIVISION/ABBOTT LABORATORIES,Health Issues 
 Agriculture 
 Budget/Appropriations,,0.0
20190117,ABBOTT LABORATORIES,,,0.0
20190118,ABBOTT LABORATORIES,Health Issues 
 Medical/Disease Research/Clinical Labs,,40000.0
20190121,ABBOTT LABORATORIES,Taxation/Internal Revenue Code 
 Health Issues 
 Food Industry (safety, labeling, etc.),,50000.0
20190121,ABBOTT LABORATORIES,Food Industry (safety, labeling, etc.) 
 Medicare/Medicaid 
 Veterans 
 Health Issues 
 Taxation/Internal Revenue Code 
 Trade (domestic/foreign) 
 Agriculture,,1420000.0
20190122,ABBOTT LABORATORIES,Medicare/Medicaid 
 Trade (domestic/foreign) 
 Health Issues 
 Taxation/Internal Revenue Code,,50000.0
20190122,ABBOTT LABORATORIES,Taxation/Internal Revenue Code,,90000.0
20190122,ABBOTT LABORATORIES,Health Issues,,30000.0
20190122,ABBOTT LABORATORIES,Taxation/Internal Revenue Code,,5000.0
20190122,ABBOTT LABORATORIES,Budget/Appropriations 
 Trade (domestic/foreign) 
 Taxation/Internal Revenue Code 
 Health Issues 
 Science/Technology,,50000.0
20190419,ABBOTT LABORATORIES,Health Issues 
 Medical/Disease Research/Clinical Labs,,40000.0
20190421,ABBOTT LABORATORIES,Food Industry (safety, labeling, etc.) 
 Taxation/Internal Revenue Code 
 Health Issues,,50000.0
20190422,ABBOTT LABORATORIES,Health Issues 
 Defense 
 Taxation/Internal Revenue Code 
 Medicare/Medicaid,,50000.0
20190422,ABBOTT LABORATORIES,Food Industry (safety, labeling, etc.) 
 Medicare/Medicaid 
 Veterans 
 Health Issues 
 Taxation/Internal Revenue Code 
 Agriculture 
 Trade (domestic/foreign) 
 Consumer Issues/Safety/Products,,930000.0
20190422,ABBOTT LABORATORIES,Taxation/Internal Revenue Code 
 Health Issues 
 Trade (domestic/foreign) 
 Budget/Appropriations 
 Science/Technology,,50000.0
20190422,ABBOTT LABORATORIES,Taxation/Internal Revenue Code,,50000.0
20190422,ABBOTT LABORATORIES,Taxation/Internal Revenue Code,,0.0
20190422,ABBOTT LABORATORIES,Health Issues,,30000.0
20190514,ABBOTT LABORATORIES,Medicare/Medicaid 
 Agriculture 
 Trade (domestic/foreign) 
 Food Industry (safety, labeling, etc.) 
 Veterans 
 Health Issues 
 Taxation/Internal Revenue Code 
 Transportation 
 Budget/Appropriations,,730000.0
20190514,ABBOTT LABORATORIES,Food Industry (safety, labeling, etc.) 
 Health Issues 
 Taxation/Internal Revenue Code 
 Trade (domestic/foreign) 
 Aviation/Airlines/Airports 
 Budget/Appropriations 
 Medicare/Medicaid 
 Agriculture,,820000.0
20190617,ABBOTT LABORATORIES,Health Issues,,0.0
20200120,ABBOTT LABORATORIES,,,1130000.0
20200121,ABBOTT LABORATORIES,HEALTH ISSUES,,30000.0
20200413,ABBOTT LABORATORIES,Taxation/Internal Revenue Code,,0.0
20200416,ABBOTT LABORATORIES,,,0.0
20200417,ABBOTT LABORATORIES,HEALTH ISSUES,,30000.0
20200418,ABBOTT LABORATORIES,Health Issues 
 Medical/Disease Research/Clinical Labs,,40000.0
20200418,ABBOTT LABORATORIES,Budget/Appropriations 
 Trade (domestic/foreign) 
 Science/Technology 
 Taxation/Internal Revenue Code 
 Health Issues,,50000.0
20200420,ABBOTT LABORATORIES,,,800000.0
20200420,ABBOTT LABORATORIES,Health Issues 
 Medicare/Medicaid,,50000.0
20200420,ABBOTT LABORATORIES,Health Issues,,60000.0
20200420,ABBOTT LABORATORIES,Food Industry (safety, labeling, etc.) 
 Taxation/Internal Revenue Code 
 Health Issues,,50000.0
20200518,ABBOTT LABORATORIES,,,
20200717,ABBOTT LABORATORIES,Medical/Disease Research/Clinical Labs 
 Health Issues,,40000.0
20200718,ABBOTT LABORATORIES,,,40000.0
20200720,ABBOTT LABORATORIES,Health Issues,,50000.0
20200720,ABBOTT LABORATORIES,HEALTH ISSUES,,30000.0
20200720,ABBOTT LABORATORIES,Taxation/Internal Revenue Code,,0.0
20200720,ABBOTT LABORATORIES,Health Issues,,60000.0
20200720,ABBOTT LABORATORIES,Health Issues 
 Food Industry (safety, labeling, etc.),,50000.0
20200720,ABBOTT LABORATORIES,,,930000.0
20201016,ABBOTT LABORATORIES,Medical/Disease Research/Clinical Labs 
 Health Issues,,40000.0
20201019,ABBOTT LABORATORIES,Health Issues 
 Food Industry (safety, labeling, etc.),,50000.0
20201020,ABBOTT LABORATORIES,,,930000.0
20201020,ABBOTT LABORATORIES,Taxation/Internal Revenue Code,,0.0
20201020,ABBOTT LABORATORIES,Medicare/Medicaid 
 Health Issues,,50000.0
20201020,ABBOTT LABORATORIES,Health Issues,,60000.0
20201020,ABBOTT LABORATORIES,HEALTH ISSUES,,30000.0
20201020,ABBOTT LABORATORIES,,,40000.0
20201118,ABBOTT LABORATORIES,Health Issues 
 Trade (domestic/foreign) 
 Taxation/Internal Revenue Code,,0.0
20201228,ABBOTT LABORATORIES,,,990000.0
20201228,ABBOTT LABORATORIES,,,1080000.0
20210119,ABBOTT LABORATORIES,Medical/Disease Research/Clinical Labs 
 Health Issues,,40000.0
20210119,ABBOTT LABORATORIES,Taxation/Internal Revenue Code,,0.0
20210120,ABBOTT LABORATORIES,Food Industry (safety, labeling, etc.) 
 Health Issues,,50000.0
20210120,ABBOTT LABORATORIES,Medicare/Medicaid 
 Health Issues 
 Taxation/Internal Revenue Code,,50000.0
20210120,ABBOTT LABORATORIES,,,40000.0
20210121,ABBOTT LABORATORIES,,,1090000.0
20210121,ABBOTT LABORATORIES,HEALTH ISSUES,,30000.0
20210121,ABBOTT LABORATORIES,Health Issues,,60000.0
20210121,ABBOTT LABORATORIES,Taxation/Internal Revenue Code 
 Health Issues,,30000.0
20210301,ABBOTT LABORATORIES,Taxation/Internal Revenue Code 
 Trade (domestic/foreign) 
 Health Issues,,0.0
20210418,ABBOTT LABORATORIES,,,0.0
20210419,ABBOTT LABORATORIES,Medicare/Medicaid 
 Health Issues,,50000.0
20210419,ABBOTT LABORATORIES,Health Issues 
 Taxation/Internal Revenue Code 
 Trade (domestic/foreign),,30000.0
20210420,ABBOTT LABORATORIES,HEALTH ISSUES,,30000.0
20210420,ABBOTT LABORATORIES,Health Issues,,60000.0
20210420,ABBOTT LABORATORIES,,,840000.0
20210420,ABBOTT LABORATORIES,Taxation/Internal Revenue Code 
 Health Issues,,60000.0
20210420,ABBOTT LABORATORIES,,,40000.0
20210420,ABBOTT LABORATORIES,Health Issues 
 Medical/Disease Research/Clinical Labs,,40000.0
20210420,ABBOTT LABORATORIES,Health Issues 
 Food Industry (safety, labeling, etc.),,50000.0
20210716,ABBOTT LABORATORIES,Health Issues 
 Medical/Disease Research/Clinical Labs,,40000.0
20210716,ABBOTT LABORATORIES,Trade (domestic/foreign) 
 Health Issues 
 Taxation/Internal Revenue Code,,60000.0
20210718,ABBOTT LABORATORIES,Food Industry (safety, labeling, etc.) 
 Health Issues,,50000.0
20210718,ABBOTT LABORATORIES,Taxation/Internal Revenue Code,,10000.0
20210719,ABBOTT LABORATORIES,Medicare/Medicaid 
 Health Issues 
 Taxation/Internal Revenue Code,,50000.0
20210720,ABBOTT LABORATORIES,,,1020000.0
20210720,ABBOTT LABORATORIES,Health Issues,,60000.0
20210720,ABBOTT LABORATORIES,HEALTH ISSUES,,30000.0
20210720,ABBOTT LABORATORIES,,,40000.0
20210720,ABBOTT LABORATORIES,Health Issues 
 Taxation/Internal Revenue Code,,60000.0
20210915,ABBOTT LABORATORIES,Health Issues,,0.0
20211015,ABBOTT LABORATORIES,Trade (domestic/foreign) 
 Health Issues 
 Taxation/Internal Revenue Code,,60000.0
20211016,ABBOTT LABORATORIES,Health Issues 
 Medical/Disease Research/Clinical Labs,,40000.0
20211019,ABBOTT LABORATORIES,,,60000.0
20211019,ABBOTT LABORATORIES,Taxation/Internal Revenue Code,,0.0
20211020,ABBOTT LABORATORIES,Taxation/Internal Revenue Code 
 Health Issues 
 Medicare/Medicaid,,50000.0
20211020,ABBOTT LABORATORIES,,,1240000.0
20211020,ABBOTT LABORATORIES,Health Issues,,20000.0
20211020,ABBOTT LABORATORIES,,,0.0
20211020,ABBOTT LABORATORIES,HEALTH ISSUES,,30000.0
20211020,ABBOTT LABORATORIES,Taxation/Internal Revenue Code 
 Health Issues,,60000.0
20220114,ABBOTT LABORATORIES,Medical/Disease Research/Clinical Labs 
 Health Issues,,40000.0
20220118,ABBOTT LABORATORIES,Taxation/Internal Revenue Code 
 Health Issues 
 Trade (domestic/foreign),,60000.0
20220118,ABBOTT LABORATORIES,Taxation/Internal Revenue Code,,10000.0
20220119,ABBOTT LABORATORIES,,,60000.0
20220120,ABBOTT LABORATORIES,,,1110000.0
20220120,ABBOTT LABORATORIES,,,0.0
20220120,ABBOTT LABORATORIES,Taxation/Internal Revenue Code 
 Health Issues,,60000.0
20220120,ABBOTT LABORATORIES,HEALTH ISSUES,,30000.0
20220120,ABBOTT LABORATORIES,Health Issues 
 Medicare/Medicaid 
 Taxation/Internal Revenue Code,,50000.0
20220418,ABBOTT LABORATORIES,Health Issues 
 Medical/Disease Research/Clinical Labs,,40000.0
20220418,ABBOTT LABORATORIES,Taxation/Internal Revenue Code 
 Health Issues,,60000.0
20220419,ABBOTT LABORATORIES,Health Issues 
 Taxation/Internal Revenue Code,,50000.0
20220419,ABBOTT LABORATORIES,Taxation/Internal Revenue Code 
 Health Issues,,60000.0
20220420,ABBOTT LABORATORIES,Taxation/Internal Revenue Code 
 Trade (domestic/foreign) 
 Law Enforcement/Crime/Criminal Justice 
 Food Industry (safety, labeling, etc.) 
 Medicare/Medicaid 
 Health Issues,,940000.0
20220420,ABBOTT LABORATORIES,,,0.0
20220420,ABBOTT LABORATORIES,Health Issues,,30000.0
20220420,ABBOTT LABORATORIES,Taxation/Internal Revenue Code,,0.0
20220420,ABBOTT LABORATORIES,Food Industry (safety, labeling, etc.) 
 Health Issues 
 Taxation/Internal Revenue Code,,60000.0
